# node inserts
insert into node (dtype, id, name, file_type, size, folder_id) values ('folder', 1, 'Cookley', null, 20866, 44);
insert into node (dtype, id, name, file_type, size, folder_id) values ('folder', 2, 'Redhold', null, 36315, 15);
insert into node (dtype, id, name, file_type, size, folder_id) values ('folder', 3, 'Stringtough', null, 26367, 19);
insert into node (dtype, id, name, file_type, size, folder_id) values ('folder', 4, 'Konklux', null, 9973, 17);
insert into node (dtype, id, name, file_type, size, folder_id) values ('folder', 5, 'Opela', null, 18623, 15);
insert into node (dtype, id, name, file_type, size, folder_id) values ('folder', 6, 'Job', null, 47649, 38);
insert into node (dtype, id, name, file_type, size, folder_id) values ('folder', 7, 'It', null, 36623, 13);
insert into node (dtype, id, name, file_type, size, folder_id) values ('folder', 8, 'Ronstring', null, 14399, 19);
insert into node (dtype, id, name, file_type, size, folder_id) values ('folder', 9, 'Rank', null, 44204, 44);
insert into node (dtype, id, name, file_type, size, folder_id) values ('folder', 10, 'Daltfresh', null, 9744, 4);
insert into node (dtype, id, name, file_type, size, folder_id) values ('folder', 11, 'Alpha', null, 36453, 32);
insert into node (dtype, id, name, file_type, size, folder_id) values ('folder', 12, 'Matsoft', null, 13409, 48);
insert into node (dtype, id, name, file_type, size, folder_id) values ('folder', 13, 'Kanlam', null, 29586, 16);
insert into node (dtype, id, name, file_type, size, folder_id) values ('folder', 14, 'Kanlam', null, 4379, 7);
insert into node (dtype, id, name, file_type, size, folder_id) values ('folder', 15, 'Tempsoft', null, 5024, 2);
insert into node (dtype, id, name, file_type, size, folder_id) values ('folder', 16, 'Tresom', null, 42622, 9);
insert into node (dtype, id, name, file_type, size, folder_id) values ('folder', 17, 'Matsoft', null, 43713, 48);
insert into node (dtype, id, name, file_type, size, folder_id) values ('folder', 18, 'Alphazap', null, 19886, 49);
insert into node (dtype, id, name, file_type, size, folder_id) values ('folder', 19, 'Job', null, 6494, 41);
insert into node (dtype, id, name, file_type, size, folder_id) values ('folder', 20, 'Flexidy', null, 528, 28);
insert into node (dtype, id, name, file_type, size, folder_id) values ('folder', 21, 'Holdlamis', null, 23179, 6);
insert into node (dtype, id, name, file_type, size, folder_id) values ('folder', 22, 'Konklab', null, 28855, 22);
insert into node (dtype, id, name, file_type, size, folder_id) values ('folder', 23, 'Ventosanzap', null, 14316, 47);
insert into node (dtype, id, name, file_type, size, folder_id) values ('folder', 24, 'Pannier', null, 45967, 21);
insert into node (dtype, id, name, file_type, size, folder_id) values ('folder', 25, 'Zathin', null, 31694, 28);
insert into node (dtype, id, name, file_type, size, folder_id) values ('folder', 26, 'Otcom', null, 29598, 44);
insert into node (dtype, id, name, file_type, size, folder_id) values ('folder', 27, 'Rank', null, 287, 42);
insert into node (dtype, id, name, file_type, size, folder_id) values ('folder', 28, 'Y-find', null, 27876, 37);
insert into node (dtype, id, name, file_type, size, folder_id) values ('folder', 29, 'Zontrax', null, 4434, 47);
insert into node (dtype, id, name, file_type, size, folder_id) values ('folder', 30, 'Mat Lam Tam', null, 9709, 20);
insert into node (dtype, id, name, file_type, size, folder_id) values ('folder', 31, 'Trippledex', null, 46999, 21);
insert into node (dtype, id, name, file_type, size, folder_id) values ('folder', 32, 'Wrapsafe', null, 1324, 32);
insert into node (dtype, id, name, file_type, size, folder_id) values ('folder', 33, 'Gembucket', null, 33780, 9);
insert into node (dtype, id, name, file_type, size, folder_id) values ('folder', 34, 'Ronstring', null, 13342, 13);
insert into node (dtype, id, name, file_type, size, folder_id) values ('folder', 35, 'Prodder', null, 43193, 50);
insert into node (dtype, id, name, file_type, size, folder_id) values ('folder', 36, 'Konklab', null, 27610, 7);
insert into node (dtype, id, name, file_type, size, folder_id) values ('folder', 37, 'Job', null, 9600, 10);
insert into node (dtype, id, name, file_type, size, folder_id) values ('folder', 38, 'Tin', null, 14757, 48);
insert into node (dtype, id, name, file_type, size, folder_id) values ('folder', 39, 'Tampflex', null, 6532, 13);
insert into node (dtype, id, name, file_type, size, folder_id) values ('folder', 40, 'Latlux', null, 41877, 25);
insert into node (dtype, id, name, file_type, size, folder_id) values ('folder', 41, 'Sonair', null, 27921, 23);
insert into node (dtype, id, name, file_type, size, folder_id) values ('folder', 42, 'Prodder', null, 15498, 20);
insert into node (dtype, id, name, file_type, size, folder_id) values ('folder', 43, 'Cookley', null, 700, 15);
insert into node (dtype, id, name, file_type, size, folder_id) values ('folder', 44, 'It', null, 5416, 18);
insert into node (dtype, id, name, file_type, size, folder_id) values ('folder', 45, 'Holdlamis', null, 5165, 6);
insert into node (dtype, id, name, file_type, size, folder_id) values ('folder', 46, 'Alpha', null, 23667, 24);
insert into node (dtype, id, name, file_type, size, folder_id) values ('folder', 47, 'Rank', null, 2594, 39);
insert into node (dtype, id, name, file_type, size, folder_id) values ('folder', 48, 'Daltfresh', null, 35225, 39);
insert into node (dtype, id, name, file_type, size, folder_id) values ('folder', 49, 'Temp', null, 13341, 28);
insert into node (dtype, id, name, file_type, size, folder_id) values ('folder', 50, 'Mat Lam Tam', null, 43607, 3);
insert into node (dtype, id, name, file_type, size, folder_id) values ('file', 51, 'FusceCongueDiam', 'mp3', null, 30);
insert into node (dtype, id, name, file_type, size, folder_id) values ('file', 52, 'VolutpatEleifend', 'mpeg', null, 46);
insert into node (dtype, id, name, file_type, size, folder_id) values ('file', 53, 'Iaculis', 'doc', null, 41);
insert into node (dtype, id, name, file_type, size, folder_id) values ('file', 54, 'VitaeIpsum', 'avi', null, 1);
insert into node (dtype, id, name, file_type, size, folder_id) values ('file', 55, 'Tincidunt', 'avi', null, 20);
insert into node (dtype, id, name, file_type, size, folder_id) values ('file', 56, 'UltricesEnim', 'mpeg', null, 8);
insert into node (dtype, id, name, file_type, size, folder_id) values ('file', 57, 'VitaeNislAenean', 'mp3', null, 3);
insert into node (dtype, id, name, file_type, size, folder_id) values ('file', 58, 'NasceturRidiculus', 'avi', null, 31);
insert into node (dtype, id, name, file_type, size, folder_id) values ('file', 59, 'Ridiculus', 'xls', null, 45);
insert into node (dtype, id, name, file_type, size, folder_id) values ('file', 60, 'LobortisLigula', 'avi', null, 28);
insert into node (dtype, id, name, file_type, size, folder_id) values ('file', 61, 'JustoEuMassa', 'xls', null, 43);
insert into node (dtype, id, name, file_type, size, folder_id) values ('file', 62, 'DonecSemper', 'ppt', null, 32);
insert into node (dtype, id, name, file_type, size, folder_id) values ('file', 63, 'Arcu', 'mp3', null, 21);
insert into node (dtype, id, name, file_type, size, folder_id) values ('file', 64, 'At', 'ppt', null, 40);
insert into node (dtype, id, name, file_type, size, folder_id) values ('file', 65, 'Eleifend', 'ptt', null, 44);
insert into node (dtype, id, name, file_type, size, folder_id) values ('file', 66, 'FacilisiCras', 'jpeg', null, 31);
insert into node (dtype, id, name, file_type, size, folder_id) values ('file', 67, 'VivamusInFelis', 'gif', null, 22);
insert into node (dtype, id, name, file_type, size, folder_id) values ('file', 68, 'Nibh', 'jpeg', null, 15);
insert into node (dtype, id, name, file_type, size, folder_id) values ('file', 69, 'Est', 'pdf', null, 49);
insert into node (dtype, id, name, file_type, size, folder_id) values ('file', 70, 'Nulla', 'gif', null, 28);
insert into node (dtype, id, name, file_type, size, folder_id) values ('file', 71, 'RutrumAt', 'mov', null, 12);
insert into node (dtype, id, name, file_type, size, folder_id) values ('file', 72, 'VestibulumSagittisSapien', 'jpeg', null, 41);
insert into node (dtype, id, name, file_type, size, folder_id) values ('file', 73, 'MorbiUt', 'tiff', null, 46);
insert into node (dtype, id, name, file_type, size, folder_id) values ('file', 74, 'SedAugue', 'gif', null, 11);
insert into node (dtype, id, name, file_type, size, folder_id) values ('file', 75, 'Morbi', 'mov', null, 29);
insert into node (dtype, id, name, file_type, size, folder_id) values ('file', 76, 'Quisque', 'tiff', null, 34);
insert into node (dtype, id, name, file_type, size, folder_id) values ('file', 77, 'ConsequatMorbiA', 'mp3', null, 26);
insert into node (dtype, id, name, file_type, size, folder_id) values ('file', 78, 'AeneanFermentum', 'xls', null, 18);
insert into node (dtype, id, name, file_type, size, folder_id) values ('file', 79, 'Bibendum', 'mov', null, 15);
insert into node (dtype, id, name, file_type, size, folder_id) values ('file', 80, 'AliquamQuisTurpis', 'tiff', null, 48);
insert into node (dtype, id, name, file_type, size, folder_id) values ('file', 81, 'NonLectus', 'mp3', null, 30);
insert into node (dtype, id, name, file_type, size, folder_id) values ('file', 82, 'SollicitudinUtSuscipit', 'ppt', null, 5);
insert into node (dtype, id, name, file_type, size, folder_id) values ('file', 83, 'Pede', 'doc', null, 32);
insert into node (dtype, id, name, file_type, size, folder_id) values ('file', 84, 'LiberoNullam', 'jpeg', null, 26);
insert into node (dtype, id, name, file_type, size, folder_id) values ('file', 85, 'UtDolorMorbi', 'mp3', null, 8);
insert into node (dtype, id, name, file_type, size, folder_id) values ('file', 86, 'VestibulumSitAmet', 'doc', null, 50);
insert into node (dtype, id, name, file_type, size, folder_id) values ('file', 87, 'At', 'ppt', null, 45);
insert into node (dtype, id, name, file_type, size, folder_id) values ('file', 88, 'MaecenasTristiqueEst', 'tiff', null, 40);
insert into node (dtype, id, name, file_type, size, folder_id) values ('file', 89, 'MolestieSed', 'ppt', null, 3);
insert into node (dtype, id, name, file_type, size, folder_id) values ('file', 90, 'BlanditUltrices', 'ppt', null, 46);
insert into node (dtype, id, name, file_type, size, folder_id) values ('file', 91, 'TellusSemperInterdum', 'avi', null, 30);
insert into node (dtype, id, name, file_type, size, folder_id) values ('file', 92, 'NequeLibero', 'txt', null, 47);
insert into node (dtype, id, name, file_type, size, folder_id) values ('file', 93, 'EnimSit', 'xls', null, 30);
insert into node (dtype, id, name, file_type, size, folder_id) values ('file', 94, 'LigulaSit', 'avi', null, 6);
insert into node (dtype, id, name, file_type, size, folder_id) values ('file', 95, 'UltricesErat', 'gif', null, 1);
insert into node (dtype, id, name, file_type, size, folder_id) values ('file', 96, 'AliquetAtFeugiat.xls', 'ehaig19@pinterest.com', null, 36);
insert into node (dtype, id, name, file_type, size, folder_id) values ('file', 97, 'SapienIn', 'mp3', null, 50);
insert into node (dtype, id, name, file_type, size, folder_id) values ('file', 98, 'PedeJustoEu', 'xls', null, 28);
insert into node (dtype, id, name, file_type, size, folder_id) values ('file', 99, 'Porttitor', 'jpeg', null, 5);
insert into node (dtype, id, name, file_type, size, folder_id) values ('file', 100, 'DonecUt', 'jpeg', null, 15);

# user inserts
insert into user (id, country, name) values (1, 'Portugal', 'Chloris Reddie');
insert into user (id, country, name) values (2, 'China', 'Keven Busfield');
insert into user (id, country, name) values (3, 'Portugal', 'Wendye Schwandt');
insert into user (id, country, name) values (4, 'Indonesia', 'Paquito Matura');
insert into user (id, country, name) values (5, 'Brazil', 'Garold Josskoviz');
insert into user (id, country, name) values (6, 'Nigeria', 'Hendrick Leve');
insert into user (id, country, name) values (7, 'Mexico', 'Austina Guirau');
insert into user (id, country, name) values (8, 'Russia', 'Vincenty MacLaig');
insert into user (id, country, name) values (9, 'Sweden', 'Page Dalby');
insert into user (id, country, name) values (10, 'France', 'Amandy Scrimshaw');
insert into user (id, country, name) values (11, 'Sudan', 'Porter Raeside');
insert into user (id, country, name) values (12, 'Spain', 'Humfrey Golley');
insert into user (id, country, name) values (13, 'Czech Republic', 'Nicoline Maus');
insert into user (id, country, name) values (14, 'Philippines', 'Freddie Rossetti');
insert into user (id, country, name) values (15, 'China', 'Glen Issard');
insert into user (id, country, name) values (16, 'Canada', 'Emelyne Thomazet');
insert into user (id, country, name) values (17, 'Indonesia', 'Charmane Fishlock');
insert into user (id, country, name) values (18, 'China', 'Hilario Harpin');
insert into user (id, country, name) values (19, 'Indonesia', 'Shayne Prandoni');
insert into user (id, country, name) values (20, 'Armenia', 'Gwen Comberbeach');
insert into user (id, country, name) values (21, 'Russia', 'Corabel Casebourne');
insert into user (id, country, name) values (22, 'Greece', 'Dexter Mattersley');
insert into user (id, country, name) values (23, 'Malaysia', 'Maxy Bannard');
insert into user (id, country, name) values (24, 'Niger', 'Bondy Mcwhinnie');
insert into user (id, country, name) values (25, 'Mexico', 'Joyous Firby');
insert into user (id, country, name) values (26, 'Norway', 'Haley Keighley');
insert into user (id, country, name) values (27, 'Poland', 'Sherwood D''Angeli');
insert into user (id, country, name) values (28, 'Philippines', 'Patton Parram');
insert into user (id, country, name) values (29, 'Cuba', 'Nanette Timmins');
insert into user (id, country, name) values (30, 'Paraguay', 'Aymer Artz');
insert into user (id, country, name) values (31, 'China', 'Brear Heathorn');
insert into user (id, country, name) values (32, 'Morocco', 'Em Skerme');
insert into user (id, country, name) values (33, 'Albania', 'Janel Hallums');
insert into user (id, country, name) values (34, 'Indonesia', 'Iain Spellman');
insert into user (id, country, name) values (35, 'China', 'Norina Haining');
insert into user (id, country, name) values (36, 'South Korea', 'Thia Stilling');
insert into user (id, country, name) values (37, 'United States', 'Jillene Askew');
insert into user (id, country, name) values (38, 'China', 'Haskell Furmenger');
insert into user (id, country, name) values (39, 'China', 'Orv Mariault');
insert into user (id, country, name) values (40, 'Portugal', 'Dory Luckhurst');
insert into user (id, country, name) values (41, 'Indonesia', 'Prudence Pfleger');
insert into user (id, country, name) values (42, 'Egypt', 'Maximilien Domotor');
insert into user (id, country, name) values (43, 'United States', 'Calypso Bote');
insert into user (id, country, name) values (44, 'Curacao', 'Mannie Bannester');
insert into user (id, country, name) values (45, 'Portugal', 'Augy Braga');
insert into user (id, country, name) values (46, 'Sweden', 'Wenda Janaud');
insert into user (id, country, name) values (47, 'Russia', 'Henryetta Hordle');
insert into user (id, country, name) values (48, 'Greece', 'Benjamen Haspineall');
insert into user (id, country, name) values (49, 'Comoros', 'Boris Lacotte');
insert into user (id, country, name) values (50, 'Russia', 'Hedvig Masselin');
insert into user (id, country, name) values (51, 'Indonesia', 'Isis Cottie');
insert into user (id, country, name) values (52, 'Morocco', 'Jacquetta Wentworth');
insert into user (id, country, name) values (53, 'Indonesia', 'Amye Potier');
insert into user (id, country, name) values (54, 'Brazil', 'Barb Fardo');
insert into user (id, country, name) values (55, 'American Samoa', 'Martino Buntain');
insert into user (id, country, name) values (56, 'Nigeria', 'Sargent Alven');
insert into user (id, country, name) values (57, 'Indonesia', 'Diannne Sale');
insert into user (id, country, name) values (58, 'Peru', 'Laurette Merwe');
insert into user (id, country, name) values (59, 'Venezuela', 'Dav Davenport');
insert into user (id, country, name) values (60, 'Sweden', 'Olin Illem');
insert into user (id, country, name) values (61, 'Pakistan', 'Mercie Anear');
insert into user (id, country, name) values (62, 'China', 'Sean Bretelle');
insert into user (id, country, name) values (63, 'New Zealand', 'Barry Rosthorn');
insert into user (id, country, name) values (64, 'Sierra Leone', 'Karia Terbrugge');
insert into user (id, country, name) values (65, 'Peru', 'Aindrea Gunn');
insert into user (id, country, name) values (66, 'United States', 'Edeline Michelotti');
insert into user (id, country, name) values (67, 'Sweden', 'Maribelle Rodden');
insert into user (id, country, name) values (68, 'Brazil', 'Imogen Pauel');
insert into user (id, country, name) values (69, 'Indonesia', 'Dalenna Cave');
insert into user (id, country, name) values (70, 'Colombia', 'Orville Beauly');
insert into user (id, country, name) values (71, 'Japan', 'Evvy Laxon');
insert into user (id, country, name) values (72, 'China', 'Jacquelin Thor');
insert into user (id, country, name) values (73, 'China', 'Sharyl Bothams');
insert into user (id, country, name) values (74, 'China', 'Gretta Mabbs');
insert into user (id, country, name) values (75, 'China', 'Elysia Adlard');
insert into user (id, country, name) values (76, 'Indonesia', 'Timmy Feehily');
insert into user (id, country, name) values (77, 'China', 'Claudian Shoard');
insert into user (id, country, name) values (78, 'Finland', 'Heddie Lenoir');
insert into user (id, country, name) values (79, 'Sweden', 'Darryl Sparhawk');
insert into user (id, country, name) values (80, 'Poland', 'Randolph Lenglet');
insert into user (id, country, name) values (81, 'France', 'Nealon Farnsworth');
insert into user (id, country, name) values (82, 'Indonesia', 'Arron Bastiman');
insert into user (id, country, name) values (83, 'Canada', 'Ahmad Choules');
insert into user (id, country, name) values (84, 'Indonesia', 'Coriss Ethelston');
insert into user (id, country, name) values (85, 'Indonesia', 'Bettye Dyers');
insert into user (id, country, name) values (86, 'Sweden', 'Reggy Thunders');
insert into user (id, country, name) values (87, 'Chad', 'Orel Fulkes');
insert into user (id, country, name) values (88, 'Indonesia', 'Avigdor Marchington');
insert into user (id, country, name) values (89, 'Kuwait', 'Wilmette Dall');
insert into user (id, country, name) values (90, 'Poland', 'Martyn Dufty');
insert into user (id, country, name) values (91, 'Ecuador', 'Leta Charette');
insert into user (id, country, name) values (92, 'Kazakhstan', 'Emanuel Abbs');
insert into user (id, country, name) values (93, 'Peru', 'Whitby Phipson');
insert into user (id, country, name) values (94, 'Croatia', 'Elayne Kelley');
insert into user (id, country, name) values (95, 'Czech Republic', 'Glennis Goldsack');
insert into user (id, country, name) values (96, 'Sweden', 'Linet Wadeling');
insert into user (id, country, name) values (97, 'China', 'Gasparo Ivatts');
insert into user (id, country, name) values (98, 'Portugal', 'Marilyn Rainsden');
insert into user (id, country, name) values (99, 'Poland', 'Vinson Dashwood');
insert into user (id, country, name) values (100, 'Bhutan', 'Michail Morewood');

# permission inserts
insert into permission (id, date, type, node_id, user_id) values (1, '2021-12-22', 'r', 18, 1);
insert into permission (id, date, type, node_id, user_id) values (2, '2021-10-20', 'wx', 1, 15);
insert into permission (id, date, type, node_id, user_id) values (3, '2022-02-19', 'wx', 93, 55);
insert into permission (id, date, type, node_id, user_id) values (4, '2021-06-08', 'wx', 1, 92);
insert into permission (id, date, type, node_id, user_id) values (5, '2022-05-10', 'wx', 42, 8);
insert into permission (id, date, type, node_id, user_id) values (6, '2022-05-24', 'wx', 86, 52);
insert into permission (id, date, type, node_id, user_id) values (7, '2021-12-22', 'wx', 79, 18);
insert into permission (id, date, type, node_id, user_id) values (8, '2021-07-09', 'wx', 9, 27);
insert into permission (id, date, type, node_id, user_id) values (9, '2022-08-30', 'wx', 89, 37);
insert into permission (id, date, type, node_id, user_id) values (10, '2021-08-21', 'wx', 15, 10);
insert into permission (id, date, type, node_id, user_id) values (11, '2022-03-05', 'rwx', 53, 21);
insert into permission (id, date, type, node_id, user_id) values (12, '2021-02-19', 'rwx', 67, 95);
insert into permission (id, date, type, node_id, user_id) values (13, '2022-10-16', 'rw', 20, 11);
insert into permission (id, date, type, node_id, user_id) values (14, '2022-10-31', 'rwx', 90, 38);
insert into permission (id, date, type, node_id, user_id) values (15, '2021-09-14', 'wx', 2, 15);
insert into permission (id, date, type, node_id, user_id) values (16, '2022-06-25', 'wx', 76, 20);
insert into permission (id, date, type, node_id, user_id) values (17, '2022-09-26', 'rwx', 56, 15);
insert into permission (id, date, type, node_id, user_id) values (18, '2021-06-03', 'wx', 37, 84);
insert into permission (id, date, type, node_id, user_id) values (19, '2021-06-21', 'rwx', 14, 41);
insert into permission (id, date, type, node_id, user_id) values (20, '2022-03-31', 'wx', 77, 58);
insert into permission (id, date, type, node_id, user_id) values (21, '2022-03-19', 'rwx', 63, 37);
insert into permission (id, date, type, node_id, user_id) values (22, '2022-06-03', 'rwx', 62, 64);
insert into permission (id, date, type, node_id, user_id) values (23, '2021-06-09', 'r', 86, 52);
insert into permission (id, date, type, node_id, user_id) values (24, '2022-06-17', 'rw', 55, 66);
insert into permission (id, date, type, node_id, user_id) values (25, '2021-12-10', 'rw', 90, 56);
insert into permission (id, date, type, node_id, user_id) values (26, '2021-02-08', 'rw', 83, 58);
insert into permission (id, date, type, node_id, user_id) values (27, '2022-07-28', 'rwx', 4, 99);
insert into permission (id, date, type, node_id, user_id) values (28, '2021-02-20', 'wx', 33, 44);
insert into permission (id, date, type, node_id, user_id) values (29, '2021-09-08', 'rwx', 29, 48);
insert into permission (id, date, type, node_id, user_id) values (30, '2021-02-02', 'rwx', 82, 7);
insert into permission (id, date, type, node_id, user_id) values (31, '2021-06-03', 'wx', 33, 88);
insert into permission (id, date, type, node_id, user_id) values (32, '2021-03-22', 'wx', 7, 92);
insert into permission (id, date, type, node_id, user_id) values (33, '2021-04-01', 'wx', 52, 58);
insert into permission (id, date, type, node_id, user_id) values (34, '2021-06-08', 'wx', 53, 32);
insert into permission (id, date, type, node_id, user_id) values (35, '2021-08-24', 'wx', 88, 36);
insert into permission (id, date, type, node_id, user_id) values (36, '2021-02-15', 'wx', 73, 58);
insert into permission (id, date, type, node_id, user_id) values (37, '2021-12-08', 'rw', 49, 57);
insert into permission (id, date, type, node_id, user_id) values (38, '2022-03-20', 'rw', 13, 2);
insert into permission (id, date, type, node_id, user_id) values (39, '2021-06-14', 'r', 23, 47);
insert into permission (id, date, type, node_id, user_id) values (40, '2022-12-11', 'wx', 2, 34);
insert into permission (id, date, type, node_id, user_id) values (41, '2022-11-20', 'wx', 77, 83);
insert into permission (id, date, type, node_id, user_id) values (42, '2022-12-31', 'rw', 25, 84);
insert into permission (id, date, type, node_id, user_id) values (43, '2021-05-22', 'wx', 99, 39);
insert into permission (id, date, type, node_id, user_id) values (44, '2021-07-08', 'r', 17, 5);
insert into permission (id, date, type, node_id, user_id) values (45, '2021-05-13', 'wx', 53, 61);
insert into permission (id, date, type, node_id, user_id) values (46, '2021-03-04', 'wx', 81, 76);
insert into permission (id, date, type, node_id, user_id) values (47, '2022-11-08', 'wx', 47, 6);
insert into permission (id, date, type, node_id, user_id) values (48, '2021-03-14', 'rw', 98, 18);
insert into permission (id, date, type, node_id, user_id) values (49, '2022-02-10', 'r', 91, 76);
insert into permission (id, date, type, node_id, user_id) values (50, '2021-03-23', 'wx', 3, 12);
insert into permission (id, date, type, node_id, user_id) values (51, '2022-07-28', 'rwx', 11, 60);
insert into permission (id, date, type, node_id, user_id) values (52, '2021-06-10', 'r', 47, 90);
insert into permission (id, date, type, node_id, user_id) values (53, '2021-11-22', 'wx', 64, 30);
insert into permission (id, date, type, node_id, user_id) values (54, '2021-12-13', 'wx', 21, 10);
insert into permission (id, date, type, node_id, user_id) values (55, '2022-01-26', 'wx', 58, 33);
insert into permission (id, date, type, node_id, user_id) values (56, '2021-03-20', 'rwx', 14, 67);
insert into permission (id, date, type, node_id, user_id) values (57, '2021-08-03', 'rwx', 2, 30);
insert into permission (id, date, type, node_id, user_id) values (58, '2021-11-01', 'wx', 67, 90);
insert into permission (id, date, type, node_id, user_id) values (59, '2021-02-11', 'wx', 58, 4);
insert into permission (id, date, type, node_id, user_id) values (60, '2022-10-05', 'rwx', 30, 92);
insert into permission (id, date, type, node_id, user_id) values (61, '2021-12-05', 'rw', 61, 99);
insert into permission (id, date, type, node_id, user_id) values (62, '2021-12-24', 'wx', 13, 64);
insert into permission (id, date, type, node_id, user_id) values (63, '2022-09-18', 'rwx', 65, 48);
insert into permission (id, date, type, node_id, user_id) values (64, '2021-12-15', 'r', 41, 19);
insert into permission (id, date, type, node_id, user_id) values (65, '2021-06-28', 'rw', 66, 78);
insert into permission (id, date, type, node_id, user_id) values (66, '2021-08-21', 'wx', 58, 44);
insert into permission (id, date, type, node_id, user_id) values (67, '2022-01-27', 'wx', 51, 82);
insert into permission (id, date, type, node_id, user_id) values (68, '2021-10-19', 'rw', 33, 82);
insert into permission (id, date, type, node_id, user_id) values (69, '2022-12-10', 'rw', 56, 89);
insert into permission (id, date, type, node_id, user_id) values (70, '2022-02-09', 'rwx', 81, 12);
insert into permission (id, date, type, node_id, user_id) values (71, '2021-03-24', 'wx', 60, 70);
insert into permission (id, date, type, node_id, user_id) values (72, '2022-04-24', 'wx', 67, 53);
insert into permission (id, date, type, node_id, user_id) values (73, '2021-07-28', 'rwx', 70, 55);
insert into permission (id, date, type, node_id, user_id) values (74, '2022-09-17', 'wx', 50, 62);
insert into permission (id, date, type, node_id, user_id) values (75, '2022-10-24', 'r', 57, 47);
insert into permission (id, date, type, node_id, user_id) values (76, '2022-02-24', 'wx', 57, 58);
insert into permission (id, date, type, node_id, user_id) values (77, '2021-10-19', 'wx', 22, 30);
insert into permission (id, date, type, node_id, user_id) values (78, '2022-03-29', 'r', 63, 65);
insert into permission (id, date, type, node_id, user_id) values (79, '2021-05-29', 'wx', 40, 41);
insert into permission (id, date, type, node_id, user_id) values (80, '2022-06-15', 'wx', 97, 83);
insert into permission (id, date, type, node_id, user_id) values (81, '2022-06-29', 'r', 61, 1);
insert into permission (id, date, type, node_id, user_id) values (82, '2021-12-11', 'wx', 8, 35);
insert into permission (id, date, type, node_id, user_id) values (83, '2021-04-01', 'rwx', 58, 26);
insert into permission (id, date, type, node_id, user_id) values (84, '2021-03-11', 'r', 12, 31);
insert into permission (id, date, type, node_id, user_id) values (85, '2021-10-03', 'r', 66, 24);
insert into permission (id, date, type, node_id, user_id) values (86, '2022-02-04', 'rwx', 31, 51);
insert into permission (id, date, type, node_id, user_id) values (87, '2022-02-21', 'wx', 45, 9);
insert into permission (id, date, type, node_id, user_id) values (88, '2021-07-02', 'wx', 54, 85);
insert into permission (id, date, type, node_id, user_id) values (89, '2021-03-21', 'rwx', 12, 58);
insert into permission (id, date, type, node_id, user_id) values (90, '2022-12-31', 'rw', 82, 21);
insert into permission (id, date, type, node_id, user_id) values (91, '2021-03-30', 'rwx', 61, 99);
insert into permission (id, date, type, node_id, user_id) values (92, '2021-03-01', 'rwx', 17, 76);
insert into permission (id, date, type, node_id, user_id) values (93, '2021-09-17', 'rw', 23, 73);
insert into permission (id, date, type, node_id, user_id) values (94, '2022-12-30', 'rwx', 62, 67);
insert into permission (id, date, type, node_id, user_id) values (95, '2022-03-22', 'wx', 49, 46);
insert into permission (id, date, type, node_id, user_id) values (96, '2021-08-26', 'wx', 41, 10);
insert into permission (id, date, type, node_id, user_id) values (97, '2021-11-11', 'wx', 59, 82);
insert into permission (id, date, type, node_id, user_id) values (98, '2022-08-23', 'wx', 43, 52);
insert into permission (id, date, type, node_id, user_id) values (99, '2021-11-12', 'rwx', 13, 17);
insert into permission (id, date, type, node_id, user_id) values (100, '2022-08-06', 'rw', 21, 76);



